id,question,answer,image_source,category,response
0,Is there a snowboard in the image?,yes,COCO_val2014_000000310196,adversarial,yes
1,Is there a backpack in the image?,no,COCO_val2014_000000310196,adversarial,yes
2,Is there a person in the image?,yes,COCO_val2014_000000310196,adversarial,yes
3,Is there a car in the image?,no,COCO_val2014_000000310196,adversarial,yes
4,Is there a skis in the image?,yes,COCO_val2014_000000310196,adversarial,yes
5,Is there a dog in the image?,no,COCO_val2014_000000310196,adversarial,yes
6,Is there a truck in the image?,yes,COCO_val2014_000000210789,adversarial,yes
7,Is there a car in the image?,no,COCO_val2014_000000210789,adversarial,yes
8,Is there a person in the image?,yes,COCO_val2014_000000210789,adversarial,yes
9,Is there a dining table in the image?,no,COCO_val2014_000000210789,adversarial,yes
10,Is there an umbrella in the imange?,yes,COCO_val2014_000000210789,adversarial,yes
11,Is there a handbag in the image?,no,COCO_val2014_000000210789,adversarial,yes
12,Is there a person in the image?,yes,COCO_val2014_000000429109,adversarial,yes
13,Is there a dining table in the image?,no,COCO_val2014_000000429109,adversarial,yes
14,Is there a bicycle in the image?,yes,COCO_val2014_000000429109,adversarial,yes
15,Is there a motorcycle in the image?,no,COCO_val2014_000000429109,adversarial,yes
16,Is there a car in the image?,yes,COCO_val2014_000000429109,adversarial,yes
17,Is there a truck in the image?,no,COCO_val2014_000000429109,adversarial,yes
18,Is there a person in the image?,yes,COCO_val2014_000000211674,adversarial,yes
19,Is there a dining table in the image?,no,COCO_val2014_000000211674,adversarial,yes
20,Is there a potted plant in the image?,yes,COCO_val2014_000000211674,adversarial,yes
21,Is there a vase in the image?,no,COCO_val2014_000000211674,adversarial,yes
22,Is there a car in the image?,yes,COCO_val2014_000000211674,adversarial,yes
23,Is there a truck in the image?,no,COCO_val2014_000000211674,adversarial,yes
24,Is there a traffic light in the image?,yes,COCO_val2014_000000458338,adversarial,yes
25,Is there a bus in the image?,no,COCO_val2014_000000458338,adversarial,yes
26,Is there a person in the image?,yes,COCO_val2014_000000458338,adversarial,yes
27,Is there a dining table in the image?,no,COCO_val2014_000000458338,adversarial,yes
28,Is there a car in the image?,yes,COCO_val2014_000000458338,adversarial,yes
29,Is there a truck in the image?,no,COCO_val2014_000000458338,adversarial,yes
30,Is there a dog in the image?,yes,COCO_val2014_000000283412,adversarial,yes
31,Is there a person in the image?,no,COCO_val2014_000000283412,adversarial,yes
32,Is there a dining table in the image?,yes,COCO_val2014_000000283412,adversarial,yes
33,Is there a chair in the image?,no,COCO_val2014_000000283412,adversarial,yes
34,Is there a bed in the image?,yes,COCO_val2014_000000283412,adversarial,yes
35,Is there a book in the image?,no,COCO_val2014_000000283412,adversarial,yes
36,Is there a person in the image?,yes,COCO_val2014_000000265719,adversarial,yes
37,Is there a car in the image?,no,COCO_val2014_000000265719,adversarial,yes
38,Is there a spoon in the image?,yes,COCO_val2014_000000265719,adversarial,yes
39,Is there a cup in the image?,no,COCO_val2014_000000265719,adversarial,yes
40,Is there a fork in the image?,yes,COCO_val2014_000000265719,adversarial,yes
41,Is there a dining table in the image?,no,COCO_val2014_000000265719,adversarial,yes
42,Is there a tv in the image?,yes,COCO_val2014_000000461331,adversarial,yes
43,Is there a person in the image?,no,COCO_val2014_000000461331,adversarial,yes
44,Is there a toaster in the image?,yes,COCO_val2014_000000461331,adversarial,yes
45,Is there a book in the image?,no,COCO_val2014_000000461331,adversarial,yes
46,Is there a microwave in the image?,yes,COCO_val2014_000000461331,adversarial,yes
47,Is there a bottle in the image?,no,COCO_val2014_000000461331,adversarial,yes
48,Is there a backpack in the image?,yes,COCO_val2014_000000544456,adversarial,yes
49,Is there a handbag in the image?,no,COCO_val2014_000000544456,adversarial,yes
50,Is there a person in the image?,yes,COCO_val2014_000000544456,adversarial,yes
51,Is there a car in the image?,no,COCO_val2014_000000544456,adversarial,yes
52,Is there a skis in the image?,yes,COCO_val2014_000000544456,adversarial,yes
53,Is there a snowboard in the image?,no,COCO_val2014_000000544456,adversarial,yes
54,Is there a bird in the image?,yes,COCO_val2014_000000017708,adversarial,yes
55,Is there a handbag in the image?,no,COCO_val2014_000000017708,adversarial,yes
56,Is there a person in the image?,yes,COCO_val2014_000000017708,adversarial,yes
57,Is there a car in the image?,no,COCO_val2014_000000017708,adversarial,yes
58,Is there a boat in the image?,yes,COCO_val2014_000000017708,adversarial,yes
59,Is there a chair in the image?,no,COCO_val2014_000000017708,adversarial,yes
60,Is there a person in the image?,yes,COCO_val2014_000000574692,adversarial,yes
61,Is there a car in the image?,no,COCO_val2014_000000574692,adversarial,yes
62,Is there an orange in the imange?,yes,COCO_val2014_000000574692,adversarial,yes
63,Is there a dining table in the image?,no,COCO_val2014_000000574692,adversarial,yes
64,Is there a bottle in the image?,yes,COCO_val2014_000000574692,adversarial,yes
65,Is there a cup in the image?,no,COCO_val2014_000000574692,adversarial,yes
66,Is there a backpack in the image?,yes,COCO_val2014_000000353180,adversarial,yes
67,Is there a handbag in the image?,no,COCO_val2014_000000353180,adversarial,yes
68,Is there a person in the image?,yes,COCO_val2014_000000353180,adversarial,yes
69,Is there a car in the image?,no,COCO_val2014_000000353180,adversarial,yes
70,Is there a bus in the image?,yes,COCO_val2014_000000353180,adversarial,yes
71,Is there a traffic light in the image?,no,COCO_val2014_000000353180,adversarial,yes
72,Is there a person in the image?,yes,COCO_val2014_000000239444,adversarial,yes
73,Is there a car in the image?,no,COCO_val2014_000000239444,adversarial,yes
74,Is there a dining table in the image?,yes,COCO_val2014_000000239444,adversarial,yes
75,Is there a cup in the image?,no,COCO_val2014_000000239444,adversarial,yes
76,Is there a chair in the image?,yes,COCO_val2014_000000239444,adversarial,yes
77,Is there a couch in the image?,no,COCO_val2014_000000239444,adversarial,yes
78,Is there a person in the image?,yes,COCO_val2014_000000569839,adversarial,yes
79,Is there a car in the image?,no,COCO_val2014_000000569839,adversarial,yes
80,Is there a sandwich in the image?,yes,COCO_val2014_000000569839,adversarial,yes
81,Is there a bowl in the image?,no,COCO_val2014_000000569839,adversarial,yes
82,Is there a hot dog in the image?,yes,COCO_val2014_000000569839,adversarial,yes
83,Is there a handbag in the image?,no,COCO_val2014_000000569839,adversarial,yes
84,Is there a person in the image?,yes,COCO_val2014_000000219622,adversarial,yes
85,Is there a dining table in the image?,no,COCO_val2014_000000219622,adversarial,yes
86,Is there a car in the image?,yes,COCO_val2014_000000219622,adversarial,yes
87,Is there a truck in the image?,no,COCO_val2014_000000219622,adversarial,yes
88,Is there a frisbee in the image?,yes,COCO_val2014_000000219622,adversarial,yes
89,Is there a dog in the image?,no,COCO_val2014_000000219622,adversarial,yes
90,Is there a knife in the image?,yes,COCO_val2014_000000300368,adversarial,yes
91,Is there a cup in the image?,no,COCO_val2014_000000300368,adversarial,yes
92,Is there a person in the image?,yes,COCO_val2014_000000300368,adversarial,yes
93,Is there a car in the image?,no,COCO_val2014_000000300368,adversarial,yes
94,Is there a cake in the image?,yes,COCO_val2014_000000300368,adversarial,yes
95,Is there a bottle in the image?,no,COCO_val2014_000000300368,adversarial,yes
96,Is there a person in the image?,yes,COCO_val2014_000000482476,adversarial,yes
97,Is there a car in the image?,no,COCO_val2014_000000482476,adversarial,yes
98,Is there a remote in the image?,yes,COCO_val2014_000000482476,adversarial,yes
99,Is there a tv in the image?,no,COCO_val2014_000000482476,adversarial,yes
100,Is there a handbag in the image?,yes,COCO_val2014_000000482476,adversarial,yes
101,Is there a backpack in the image?,no,COCO_val2014_000000482476,adversarial,yes
102,Is there a baseball glove in the image?,yes,COCO_val2014_000000131115,adversarial,yes
103,Is there a sports ball in the image?,no,COCO_val2014_000000131115,adversarial,yes
104,Is there a person in the image?,yes,COCO_val2014_000000131115,adversarial,yes
105,Is there a car in the image?,no,COCO_val2014_000000131115,adversarial,yes
106,Is there a baseball bat in the image?,yes,COCO_val2014_000000131115,adversarial,yes
107,Is there a bench in the image?,no,COCO_val2014_000000131115,adversarial,yes
108,Is there a sink in the image?,yes,COCO_val2014_000000157084,adversarial,yes
109,Is there a bottle in the image?,no,COCO_val2014_000000157084,adversarial,yes
110,Is there a bench in the image?,yes,COCO_val2014_000000157084,adversarial,yes
111,Is there a person in the image?,no,COCO_val2014_000000157084,adversarial,yes
112,Is there a toilet in the image?,yes,COCO_val2014_000000157084,adversarial,yes
113,Is there a vase in the image?,no,COCO_val2014_000000157084,adversarial,yes
114,Is there a person in the image?,yes,COCO_val2014_000000381895,adversarial,yes
115,Is there a car in the image?,no,COCO_val2014_000000381895,adversarial,yes
116,Is there a teddy bear in the image?,yes,COCO_val2014_000000381895,adversarial,yes
117,Is there a bed in the image?,no,COCO_val2014_000000381895,adversarial,yes
118,Is there a bear in the image?,yes,COCO_val2014_000000381895,adversarial,yes
119,Is there a couch in the image?,no,COCO_val2014_000000381895,adversarial,yes
120,Is there a bowl in the image?,yes,COCO_val2014_000000336872,adversarial,yes
121,Is there a cup in the image?,no,COCO_val2014_000000336872,adversarial,yes
122,Is there a spoon in the image?,yes,COCO_val2014_000000336872,adversarial,yes
123,Is there a bottle in the image?,no,COCO_val2014_000000336872,adversarial,yes
124,Is there a sandwich in the image?,yes,COCO_val2014_000000336872,adversarial,yes
125,Is there a fork in the image?,no,COCO_val2014_000000336872,adversarial,yes
126,Is there a bed in the image?,yes,COCO_val2014_000000075591,adversarial,yes
127,Is there a person in the image?,no,COCO_val2014_000000075591,adversarial,yes
128,Is there a cat in the image?,yes,COCO_val2014_000000075591,adversarial,yes
129,Is there a couch in the image?,no,COCO_val2014_000000075591,adversarial,yes
130,Is there a book in the image?,yes,COCO_val2014_000000075591,adversarial,yes
131,Is there a tv in the image?,no,COCO_val2014_000000075591,adversarial,yes
132,Is there a tv in the image?,yes,COCO_val2014_000000516916,adversarial,yes
133,Is there a person in the image?,no,COCO_val2014_000000516916,adversarial,yes
134,Is there a mouse in the image?,yes,COCO_val2014_000000516916,adversarial,yes
135,Is there a book in the image?,no,COCO_val2014_000000516916,adversarial,yes
136,Is there a laptop in the image?,yes,COCO_val2014_000000516916,adversarial,yes
137,Is there a bottle in the image?,no,COCO_val2014_000000516916,adversarial,yes
138,Is there a sink in the image?,yes,COCO_val2014_000000542145,adversarial,yes
139,Is there a person in the image?,no,COCO_val2014_000000542145,adversarial,yes
140,Is there a toothbrush in the image?,yes,COCO_val2014_000000542145,adversarial,yes
141,Is there a cup in the image?,no,COCO_val2014_000000542145,adversarial,yes
142,Is there a bottle in the image?,yes,COCO_val2014_000000542145,adversarial,yes
143,Is there a dining table in the image?,no,COCO_val2014_000000542145,adversarial,yes
144,Is there a truck in the image?,yes,COCO_val2014_000000218224,adversarial,yes
145,Is there a person in the image?,no,COCO_val2014_000000218224,adversarial,yes
146,Is there an airplane in the imange?,yes,COCO_val2014_000000218224,adversarial,yes
147,Is there a backpack in the image?,no,COCO_val2014_000000218224,adversarial,yes
148,Is there a car in the image?,yes,COCO_val2014_000000218224,adversarial,yes
149,Is there a bus in the image?,no,COCO_val2014_000000218224,adversarial,yes
150,Is there a backpack in the image?,yes,COCO_val2014_000000297078,adversarial,yes
151,Is there a handbag in the image?,no,COCO_val2014_000000297078,adversarial,yes
152,Is there a person in the image?,yes,COCO_val2014_000000297078,adversarial,yes
153,Is there a car in the image?,no,COCO_val2014_000000297078,adversarial,yes
154,Is there a skis in the image?,yes,COCO_val2014_000000297078,adversarial,yes
155,Is there a snowboard in the image?,no,COCO_val2014_000000297078,adversarial,yes
156,Is there a tv in the image?,yes,COCO_val2014_000000033270,adversarial,yes
157,Is there a dining table in the image?,no,COCO_val2014_000000033270,adversarial,yes
158,Is there a person in the image?,yes,COCO_val2014_000000033270,adversarial,yes
159,Is there a car in the image?,no,COCO_val2014_000000033270,adversarial,yes
160,Is there a couch in the image?,yes,COCO_val2014_000000033270,adversarial,yes
161,Is there a chair in the image?,no,COCO_val2014_000000033270,adversarial,yes
162,Is there a truck in the image?,yes,COCO_val2014_000000140583,adversarial,yes
163,Is there a car in the image?,no,COCO_val2014_000000140583,adversarial,yes
164,Is there a person in the image?,yes,COCO_val2014_000000140583,adversarial,yes
165,Is there a dining table in the image?,no,COCO_val2014_000000140583,adversarial,yes
166,Is there a cow in the image?,yes,COCO_val2014_000000140583,adversarial,yes
167,Is there a bicycle in the image?,no,COCO_val2014_000000140583,adversarial,yes
168,Is there a dog in the image?,yes,COCO_val2014_000000421455,adversarial,yes
169,Is there a frisbee in the image?,no,COCO_val2014_000000421455,adversarial,yes
170,Is there a truck in the image?,yes,COCO_val2014_000000421455,adversarial,yes
171,Is there a traffic light in the image?,no,COCO_val2014_000000421455,adversarial,yes
172,Is there a person in the image?,yes,COCO_val2014_000000421455,adversarial,yes
173,Is there a dining table in the image?,no,COCO_val2014_000000421455,adversarial,yes
174,Is there a sink in the image?,yes,COCO_val2014_000000288639,adversarial,yes
175,Is there a person in the image?,no,COCO_val2014_000000288639,adversarial,yes
176,Is there a toothbrush in the image?,yes,COCO_val2014_000000288639,adversarial,yes
177,Is there a cup in the image?,no,COCO_val2014_000000288639,adversarial,yes
178,Is there a bottle in the image?,yes,COCO_val2014_000000288639,adversarial,yes
179,Is there a dining table in the image?,no,COCO_val2014_000000288639,adversarial,yes
180,Is there a person in the image?,yes,COCO_val2014_000000291936,adversarial,yes
181,Is there a car in the image?,no,COCO_val2014_000000291936,adversarial,yes
182,Is there a bicycle in the image?,yes,COCO_val2014_000000291936,adversarial,yes
183,Is there a motorcycle in the image?,no,COCO_val2014_000000291936,adversarial,yes
184,Is there an umbrella in the imange?,yes,COCO_val2014_000000291936,adversarial,yes
185,Is there a handbag in the image?,no,COCO_val2014_000000291936,adversarial,yes
186,Is there a person in the image?,yes,COCO_val2014_000000063953,adversarial,yes
187,Is there a car in the image?,no,COCO_val2014_000000063953,adversarial,yes
188,Is there a bicycle in the image?,yes,COCO_val2014_000000063953,adversarial,yes
189,Is there a motorcycle in the image?,no,COCO_val2014_000000063953,adversarial,yes
190,Is there a skateboard in the image?,yes,COCO_val2014_000000063953,adversarial,yes
191,Is there a bench in the image?,no,COCO_val2014_000000063953,adversarial,yes
192,Is there a laptop in the image?,yes,COCO_val2014_000000526321,adversarial,yes
193,Is there a person in the image?,no,COCO_val2014_000000526321,adversarial,yes
194,Is there a remote in the image?,yes,COCO_val2014_000000526321,adversarial,yes
195,Is there a couch in the image?,no,COCO_val2014_000000526321,adversarial,yes
196,Is there a dining table in the image?,yes,COCO_val2014_000000526321,adversarial,yes
197,Is there a cup in the image?,no,COCO_val2014_000000526321,adversarial,yes
198,Is there a snowboard in the image?,yes,COCO_val2014_000000042190,adversarial,yes
199,Is there a skis in the image?,no,COCO_val2014_000000042190,adversarial,yes
200,Is there a person in the image?,yes,COCO_val2014_000000042190,adversarial,yes
201,Is there a car in the image?,no,COCO_val2014_000000042190,adversarial,yes
202,Is there a surfboard in the image?,yes,COCO_val2014_000000042190,adversarial,yes
203,Is there an umbrella in the imange?,no,COCO_val2014_000000042190,adversarial,yes
204,Is there a bird in the image?,yes,COCO_val2014_000000553165,adversarial,yes
205,Is there a handbag in the image?,no,COCO_val2014_000000553165,adversarial,yes
206,Is there a person in the image?,yes,COCO_val2014_000000553165,adversarial,yes
207,Is there a car in the image?,no,COCO_val2014_000000553165,adversarial,yes
208,Is there a boat in the image?,yes,COCO_val2014_000000553165,adversarial,yes
209,Is there a chair in the image?,no,COCO_val2014_000000553165,adversarial,yes
210,Is there a dog in the image?,yes,COCO_val2014_000000170517,adversarial,yes
211,Is there a truck in the image?,no,COCO_val2014_000000170517,adversarial,yes
212,Is there a person in the image?,yes,COCO_val2014_000000170517,adversarial,yes
213,Is there a dining table in the image?,no,COCO_val2014_000000170517,adversarial,yes
214,Is there a car in the image?,yes,COCO_val2014_000000170517,adversarial,yes
215,Is there a bus in the image?,no,COCO_val2014_000000170517,adversarial,yes
216,Is there a person in the image?,yes,COCO_val2014_000000498759,adversarial,yes
217,Is there a dining table in the image?,no,COCO_val2014_000000498759,adversarial,yes
218,Is there a skateboard in the image?,yes,COCO_val2014_000000498759,adversarial,yes
219,Is there a bicycle in the image?,no,COCO_val2014_000000498759,adversarial,yes
220,Is there a car in the image?,yes,COCO_val2014_000000498759,adversarial,yes
221,Is there a truck in the image?,no,COCO_val2014_000000498759,adversarial,yes
222,Is there a person in the image?,yes,COCO_val2014_000000360600,adversarial,yes
223,Is there a car in the image?,no,COCO_val2014_000000360600,adversarial,yes
224,Is there a fork in the image?,yes,COCO_val2014_000000360600,adversarial,yes
225,Is there a dining table in the image?,no,COCO_val2014_000000360600,adversarial,yes
226,Is there a knife in the image?,yes,COCO_val2014_000000360600,adversarial,yes
227,Is there a spoon in the image?,no,COCO_val2014_000000360600,adversarial,yes
228,Is there a tv in the image?,yes,COCO_val2014_000000031773,adversarial,yes
229,Is there a chair in the image?,no,COCO_val2014_000000031773,adversarial,yes
230,Is there a person in the image?,yes,COCO_val2014_000000031773,adversarial,yes
231,Is there a car in the image?,no,COCO_val2014_000000031773,adversarial,yes
232,Is there a mouse in the image?,yes,COCO_val2014_000000031773,adversarial,yes
233,Is there a cell phone in the image?,no,COCO_val2014_000000031773,adversarial,yes
234,Is there a tv in the image?,yes,COCO_val2014_000000500257,adversarial,yes
235,Is there a dining table in the image?,no,COCO_val2014_000000500257,adversarial,yes
236,Is there a backpack in the image?,yes,COCO_val2014_000000500257,adversarial,yes
237,Is there a handbag in the image?,no,COCO_val2014_000000500257,adversarial,yes
238,Is there a person in the image?,yes,COCO_val2014_000000500257,adversarial,yes
239,Is there a car in the image?,no,COCO_val2014_000000500257,adversarial,yes
240,Is there a car in the image?,yes,COCO_val2014_000000574057,adversarial,yes
241,Is there a person in the image?,no,COCO_val2014_000000574057,adversarial,yes
242,Is there a train in the image?,yes,COCO_val2014_000000574057,adversarial,yes
243,Is there a truck in the image?,no,COCO_val2014_000000574057,adversarial,yes
244,Is there a bed in the image?,yes,COCO_val2014_000000574057,adversarial,yes
245,Is there a book in the image?,no,COCO_val2014_000000574057,adversarial,yes
246,Is there a traffic light in the image?,yes,COCO_val2014_000000456178,adversarial,yes
247,Is there a bus in the image?,no,COCO_val2014_000000456178,adversarial,yes
248,Is there a truck in the image?,yes,COCO_val2014_000000456178,adversarial,yes
249,Is there a motorcycle in the image?,no,COCO_val2014_000000456178,adversarial,yes
250,Is there a clock in the image?,yes,COCO_val2014_000000456178,adversarial,yes
251,Is there a chair in the image?,no,COCO_val2014_000000456178,adversarial,yes
252,Is there a person in the image?,yes,COCO_val2014_000000565941,adversarial,yes
253,Is there a car in the image?,no,COCO_val2014_000000565941,adversarial,yes
254,Is there a bottle in the image?,yes,COCO_val2014_000000565941,adversarial,yes
255,Is there a spoon in the image?,no,COCO_val2014_000000565941,adversarial,yes
256,Is there a dining table in the image?,yes,COCO_val2014_000000565941,adversarial,yes
257,Is there a laptop in the image?,no,COCO_val2014_000000565941,adversarial,yes
258,Is there a car in the image?,yes,COCO_val2014_000000485564,adversarial,yes
259,Is there a truck in the image?,no,COCO_val2014_000000485564,adversarial,yes
260,Is there a person in the image?,yes,COCO_val2014_000000485564,adversarial,yes
261,Is there a dining table in the image?,no,COCO_val2014_000000485564,adversarial,yes
262,Is there a sports ball in the image?,yes,COCO_val2014_000000485564,adversarial,yes
263,Is there a tennis racket in the image?,no,COCO_val2014_000000485564,adversarial,yes
264,Is there a truck in the image?,yes,COCO_val2014_000000454642,adversarial,yes
265,Is there a traffic light in the image?,no,COCO_val2014_000000454642,adversarial,yes
266,Is there a person in the image?,yes,COCO_val2014_000000454642,adversarial,yes
267,Is there a dining table in the image?,no,COCO_val2014_000000454642,adversarial,yes
268,Is there a motorcycle in the image?,yes,COCO_val2014_000000454642,adversarial,yes
269,Is there a bicycle in the image?,no,COCO_val2014_000000454642,adversarial,yes
270,Is there a backpack in the image?,yes,COCO_val2014_000000205729,adversarial,yes
271,Is there a handbag in the image?,no,COCO_val2014_000000205729,adversarial,yes
272,Is there a person in the image?,yes,COCO_val2014_000000205729,adversarial,yes
273,Is there a car in the image?,no,COCO_val2014_000000205729,adversarial,yes
274,Is there a skis in the image?,yes,COCO_val2014_000000205729,adversarial,yes
275,Is there a snowboard in the image?,no,COCO_val2014_000000205729,adversarial,yes
276,Is there a couch in the image?,yes,COCO_val2014_000000424792,adversarial,yes
277,Is there a person in the image?,no,COCO_val2014_000000424792,adversarial,yes
278,Is there a chair in the image?,yes,COCO_val2014_000000424792,adversarial,yes
279,Is there a dining table in the image?,no,COCO_val2014_000000424792,adversarial,yes
280,Is there a vase in the image?,yes,COCO_val2014_000000424792,adversarial,yes
281,Is there a potted plant in the image?,no,COCO_val2014_000000424792,adversarial,yes
282,Is there a person in the image?,yes,COCO_val2014_000000329717,adversarial,yes
283,Is there a car in the image?,no,COCO_val2014_000000329717,adversarial,yes
284,Is there a suitcase in the image?,yes,COCO_val2014_000000329717,adversarial,yes
285,Is there a backpack in the image?,no,COCO_val2014_000000329717,adversarial,yes
286,Is there a handbag in the image?,yes,COCO_val2014_000000329717,adversarial,yes
287,Is there a dining table in the image?,no,COCO_val2014_000000329717,adversarial,yes
288,Is there a chair in the image?,yes,COCO_val2014_000000012333,adversarial,yes
289,Is there a dining table in the image?,no,COCO_val2014_000000012333,adversarial,yes
290,Is there a person in the image?,yes,COCO_val2014_000000012333,adversarial,yes
291,Is there a car in the image?,no,COCO_val2014_000000012333,adversarial,yes
292,Is there a horse in the image?,yes,COCO_val2014_000000012333,adversarial,yes
293,Is there a dog in the image?,no,COCO_val2014_000000012333,adversarial,yes
294,Is there a banana in the image?,yes,COCO_val2014_000000480122,adversarial,yes
295,Is there a person in the image?,no,COCO_val2014_000000480122,adversarial,yes
296,Is there a spoon in the image?,yes,COCO_val2014_000000480122,adversarial,yes
297,Is there a cup in the image?,no,COCO_val2014_000000480122,adversarial,yes
298,Is there a bowl in the image?,yes,COCO_val2014_000000480122,adversarial,yes
299,Is there a sandwich in the image?,no,COCO_val2014_000000480122,adversarial,yes
300,Is there a vase in the image?,yes,COCO_val2014_000000515904,adversarial,yes
301,Is there a dining table in the image?,no,COCO_val2014_000000515904,adversarial,yes
302,Is there a sink in the image?,yes,COCO_val2014_000000515904,adversarial,yes
303,Is there a bottle in the image?,no,COCO_val2014_000000515904,adversarial,yes
304,Is there a potted plant in the image?,yes,COCO_val2014_000000515904,adversarial,yes
305,Is there a person in the image?,no,COCO_val2014_000000515904,adversarial,yes
306,Is there a baseball glove in the image?,yes,COCO_val2014_000000437347,adversarial,yes
307,Is there a baseball bat in the image?,no,COCO_val2014_000000437347,adversarial,yes
308,Is there a person in the image?,yes,COCO_val2014_000000437347,adversarial,yes
309,Is there a car in the image?,no,COCO_val2014_000000437347,adversarial,yes
310,Is there a sports ball in the image?,yes,COCO_val2014_000000437347,adversarial,yes
311,Is there a tennis racket in the image?,no,COCO_val2014_000000437347,adversarial,yes
312,Is there a person in the image?,yes,COCO_val2014_000000354229,adversarial,yes
313,Is there a dining table in the image?,no,COCO_val2014_000000354229,adversarial,yes
314,Is there a car in the image?,yes,COCO_val2014_000000354229,adversarial,yes
315,Is there a truck in the image?,no,COCO_val2014_000000354229,adversarial,yes
316,Is there a bus in the image?,yes,COCO_val2014_000000354229,adversarial,yes
317,Is there a traffic light in the image?,no,COCO_val2014_000000354229,adversarial,yes
318,Is there a person in the image?,yes,COCO_val2014_000000538236,adversarial,yes
319,Is there a car in the image?,no,COCO_val2014_000000538236,adversarial,yes
320,Is there a dining table in the image?,yes,COCO_val2014_000000538236,adversarial,yes
321,Is there a cup in the image?,no,COCO_val2014_000000538236,adversarial,yes
322,Is there a handbag in the image?,yes,COCO_val2014_000000538236,adversarial,yes
323,Is there a backpack in the image?,no,COCO_val2014_000000538236,adversarial,yes
324,Is there a person in the image?,yes,COCO_val2014_000000236865,adversarial,yes
325,Is there a dining table in the image?,no,COCO_val2014_000000236865,adversarial,yes
326,Is there an orange in the imange?,yes,COCO_val2014_000000236865,adversarial,yes
327,Is there a bowl in the image?,no,COCO_val2014_000000236865,adversarial,yes
328,Is there a car in the image?,yes,COCO_val2014_000000236865,adversarial,yes
329,Is there a truck in the image?,no,COCO_val2014_000000236865,adversarial,yes
330,Is there a person in the image?,yes,COCO_val2014_000000217397,adversarial,yes
331,Is there a car in the image?,no,COCO_val2014_000000217397,adversarial,yes
332,Is there a wine glass in the image?,yes,COCO_val2014_000000217397,adversarial,yes
333,Is there a cup in the image?,no,COCO_val2014_000000217397,adversarial,yes
334,Is there a bottle in the image?,yes,COCO_val2014_000000217397,adversarial,yes
335,Is there a spoon in the image?,no,COCO_val2014_000000217397,adversarial,yes
336,Is there a backpack in the image?,yes,COCO_val2014_000000060213,adversarial,yes
337,Is there a person in the image?,no,COCO_val2014_000000060213,adversarial,yes
338,Is there a bed in the image?,yes,COCO_val2014_000000060213,adversarial,yes
339,Is there a dining table in the image?,no,COCO_val2014_000000060213,adversarial,yes
340,Is there a book in the image?,yes,COCO_val2014_000000060213,adversarial,yes
341,Is there a tv in the image?,no,COCO_val2014_000000060213,adversarial,yes
342,Is there a traffic light in the image?,yes,COCO_val2014_000000054025,adversarial,yes
343,Is there a truck in the image?,no,COCO_val2014_000000054025,adversarial,yes
344,Is there a person in the image?,yes,COCO_val2014_000000054025,adversarial,yes
345,Is there a dining table in the image?,no,COCO_val2014_000000054025,adversarial,yes
346,Is there a backpack in the image?,yes,COCO_val2014_000000054025,adversarial,yes
347,Is there a skis in the image?,no,COCO_val2014_000000054025,adversarial,yes
348,Is there a person in the image?,yes,COCO_val2014_000000084447,adversarial,yes
349,Is there a car in the image?,no,COCO_val2014_000000084447,adversarial,yes
350,Is there a motorcycle in the image?,yes,COCO_val2014_000000084447,adversarial,yes
351,Is there a truck in the image?,no,COCO_val2014_000000084447,adversarial,yes
352,Is there a bicycle in the image?,yes,COCO_val2014_000000084447,adversarial,yes
353,Is there a bus in the image?,no,COCO_val2014_000000084447,adversarial,yes
354,Is there a person in the image?,yes,COCO_val2014_000000192660,adversarial,yes
355,Is there a car in the image?,no,COCO_val2014_000000192660,adversarial,yes
356,Is there a dining table in the image?,yes,COCO_val2014_000000192660,adversarial,yes
357,Is there a cup in the image?,no,COCO_val2014_000000192660,adversarial,yes
358,Is there a refrigerator in the image?,yes,COCO_val2014_000000192660,adversarial,yes
359,Is there a bottle in the image?,no,COCO_val2014_000000192660,adversarial,yes
360,Is there a sandwich in the image?,yes,COCO_val2014_000000575755,adversarial,yes
361,Is there a cup in the image?,no,COCO_val2014_000000575755,adversarial,yes
362,Is there a carrot in the image?,yes,COCO_val2014_000000575755,adversarial,yes
363,Is there a bowl in the image?,no,COCO_val2014_000000575755,adversarial,yes
364,Is there a broccoli in the image?,yes,COCO_val2014_000000575755,adversarial,yes
365,Is there a knife in the image?,no,COCO_val2014_000000575755,adversarial,yes
366,Is there a person in the image?,yes,COCO_val2014_000000354088,adversarial,yes
367,Is there a chair in the image?,no,COCO_val2014_000000354088,adversarial,yes
368,Is there a car in the image?,yes,COCO_val2014_000000354088,adversarial,yes
369,Is there a truck in the image?,no,COCO_val2014_000000354088,adversarial,yes
370,Is there a dining table in the image?,yes,COCO_val2014_000000354088,adversarial,yes
371,Is there a cup in the image?,no,COCO_val2014_000000354088,adversarial,yes
372,Is there a person in the image?,yes,COCO_val2014_000000311327,adversarial,yes
373,Is there a car in the image?,no,COCO_val2014_000000311327,adversarial,yes
374,Is there a boat in the image?,yes,COCO_val2014_000000311327,adversarial,yes
375,Is there a bird in the image?,no,COCO_val2014_000000311327,adversarial,yes
376,Is there a handbag in the image?,yes,COCO_val2014_000000311327,adversarial,yes
377,Is there a backpack in the image?,no,COCO_val2014_000000311327,adversarial,yes
378,Is there a person in the image?,yes,COCO_val2014_000000456552,adversarial,yes
379,Is there a car in the image?,no,COCO_val2014_000000456552,adversarial,yes
380,Is there a bench in the image?,yes,COCO_val2014_000000456552,adversarial,yes
381,Is there a dining table in the image?,no,COCO_val2014_000000456552,adversarial,yes
382,Is there a skateboard in the image?,yes,COCO_val2014_000000456552,adversarial,yes
383,Is there a bicycle in the image?,no,COCO_val2014_000000456552,adversarial,yes
384,Is there a spoon in the image?,yes,COCO_val2014_000000350898,adversarial,yes
385,Is there a bowl in the image?,no,COCO_val2014_000000350898,adversarial,yes
386,Is there a bottle in the image?,yes,COCO_val2014_000000350898,adversarial,yes
387,Is there a person in the image?,no,COCO_val2014_000000350898,adversarial,yes
388,Is there a refrigerator in the image?,yes,COCO_val2014_000000350898,adversarial,yes
389,Is there a chair in the image?,no,COCO_val2014_000000350898,adversarial,yes
390,Is there a sink in the image?,yes,COCO_val2014_000000170365,adversarial,yes
391,Is there a bottle in the image?,no,COCO_val2014_000000170365,adversarial,yes
392,Is there a potted plant in the image?,yes,COCO_val2014_000000170365,adversarial,yes
393,Is there a person in the image?,no,COCO_val2014_000000170365,adversarial,yes
394,Is there a toilet in the image?,yes,COCO_val2014_000000170365,adversarial,yes
395,Is there a vase in the image?,no,COCO_val2014_000000170365,adversarial,yes
396,Is there a backpack in the image?,yes,COCO_val2014_000000021645,adversarial,yes
397,Is there a person in the image?,no,COCO_val2014_000000021645,adversarial,yes
398,Is there a clock in the image?,yes,COCO_val2014_000000021645,adversarial,yes
399,Is there a car in the image?,no,COCO_val2014_000000021645,adversarial,yes
400,Is there a couch in the image?,yes,COCO_val2014_000000021645,adversarial,yes
401,Is there a tv in the image?,no,COCO_val2014_000000021645,adversarial,yes
402,Is there a person in the image?,yes,COCO_val2014_000000528905,adversarial,yes
403,Is there a dining table in the image?,no,COCO_val2014_000000528905,adversarial,yes
404,Is there a car in the image?,yes,COCO_val2014_000000528905,adversarial,yes
405,Is there a truck in the image?,no,COCO_val2014_000000528905,adversarial,yes
406,Is there a frisbee in the image?,yes,COCO_val2014_000000528905,adversarial,yes
407,Is there a dog in the image?,no,COCO_val2014_000000528905,adversarial,yes
408,Is there a person in the image?,yes,COCO_val2014_000000239347,adversarial,yes
409,Is there a car in the image?,no,COCO_val2014_000000239347,adversarial,yes
410,Is there a bed in the image?,yes,COCO_val2014_000000239347,adversarial,yes
411,Is there a book in the image?,no,COCO_val2014_000000239347,adversarial,yes
412,Is there a tie in the image?,yes,COCO_val2014_000000239347,adversarial,yes
413,Is there a dining table in the image?,no,COCO_val2014_000000239347,adversarial,yes
414,Is there a tv in the image?,yes,COCO_val2014_000000007320,adversarial,yes
415,Is there a chair in the image?,no,COCO_val2014_000000007320,adversarial,yes
416,Is there a person in the image?,yes,COCO_val2014_000000007320,adversarial,yes
417,Is there a car in the image?,no,COCO_val2014_000000007320,adversarial,yes
418,Is there a remote in the image?,yes,COCO_val2014_000000007320,adversarial,yes
419,Is there a couch in the image?,no,COCO_val2014_000000007320,adversarial,yes
420,Is there a chair in the image?,yes,COCO_val2014_000000249715,adversarial,yes
421,Is there a dining table in the image?,no,COCO_val2014_000000249715,adversarial,yes
422,Is there a person in the image?,yes,COCO_val2014_000000249715,adversarial,yes
423,Is there a car in the image?,no,COCO_val2014_000000249715,adversarial,yes
424,Is there a remote in the image?,yes,COCO_val2014_000000249715,adversarial,yes
425,Is there a tv in the image?,no,COCO_val2014_000000249715,adversarial,yes
426,Is there a person in the image?,yes,COCO_val2014_000000080022,adversarial,yes
427,Is there a car in the image?,no,COCO_val2014_000000080022,adversarial,yes
428,Is there a sports ball in the image?,yes,COCO_val2014_000000080022,adversarial,yes
429,Is there a baseball glove in the image?,no,COCO_val2014_000000080022,adversarial,yes
430,Is there a tennis racket in the image?,yes,COCO_val2014_000000080022,adversarial,yes
431,Is there a chair in the image?,no,COCO_val2014_000000080022,adversarial,yes
432,Is there a person in the image?,yes,COCO_val2014_000000564336,adversarial,yes
433,Is there a handbag in the image?,no,COCO_val2014_000000564336,adversarial,yes
434,Is there a truck in the image?,yes,COCO_val2014_000000564336,adversarial,yes
435,Is there a traffic light in the image?,no,COCO_val2014_000000564336,adversarial,yes
436,Is there a laptop in the image?,yes,COCO_val2014_000000564336,adversarial,yes
437,Is there a tv in the image?,no,COCO_val2014_000000564336,adversarial,yes
438,Is there a chair in the image?,yes,COCO_val2014_000000231589,adversarial,yes
439,Is there a dining table in the image?,no,COCO_val2014_000000231589,adversarial,yes
440,Is there a person in the image?,yes,COCO_val2014_000000231589,adversarial,yes
441,Is there a car in the image?,no,COCO_val2014_000000231589,adversarial,yes
442,Is there a couch in the image?,yes,COCO_val2014_000000231589,adversarial,yes
443,Is there a tv in the image?,no,COCO_val2014_000000231589,adversarial,yes
444,Is there a person in the image?,yes,COCO_val2014_000000465275,adversarial,yes
445,Is there a car in the image?,no,COCO_val2014_000000465275,adversarial,yes
446,Is there a clock in the image?,yes,COCO_val2014_000000465275,adversarial,yes
447,Is there a chair in the image?,no,COCO_val2014_000000465275,adversarial,yes
448,Is there a couch in the image?,yes,COCO_val2014_000000465275,adversarial,yes
449,Is there a tv in the image?,no,COCO_val2014_000000465275,adversarial,yes
450,Is there a baseball glove in the image?,yes,COCO_val2014_000000083275,adversarial,yes
451,Is there a dog in the image?,no,COCO_val2014_000000083275,adversarial,yes
452,Is there a person in the image?,yes,COCO_val2014_000000083275,adversarial,yes
453,Is there a car in the image?,no,COCO_val2014_000000083275,adversarial,yes
454,Is there a sports ball in the image?,yes,COCO_val2014_000000083275,adversarial,yes
455,Is there a tennis racket in the image?,no,COCO_val2014_000000083275,adversarial,yes
456,Is there a snowboard in the image?,yes,COCO_val2014_000000406403,adversarial,yes
457,Is there a backpack in the image?,no,COCO_val2014_000000406403,adversarial,yes
458,Is there a person in the image?,yes,COCO_val2014_000000406403,adversarial,yes
459,Is there a car in the image?,no,COCO_val2014_000000406403,adversarial,yes
460,Is there a skis in the image?,yes,COCO_val2014_000000406403,adversarial,yes
461,Is there a dog in the image?,no,COCO_val2014_000000406403,adversarial,yes
462,Is there a person in the image?,yes,COCO_val2014_000000131018,adversarial,yes
463,Is there a car in the image?,no,COCO_val2014_000000131018,adversarial,yes
464,Is there a bowl in the image?,yes,COCO_val2014_000000131018,adversarial,yes
465,Is there a dining table in the image?,no,COCO_val2014_000000131018,adversarial,yes
466,Is there a scissors in the image?,yes,COCO_val2014_000000131018,adversarial,yes
467,Is there a sandwich in the image?,no,COCO_val2014_000000131018,adversarial,yes
468,Is there a chair in the image?,yes,COCO_val2014_000000332625,adversarial,yes
469,Is there a dining table in the image?,no,COCO_val2014_000000332625,adversarial,yes
470,Is there a person in the image?,yes,COCO_val2014_000000332625,adversarial,yes
471,Is there a car in the image?,no,COCO_val2014_000000332625,adversarial,yes
472,Is there an airplane in the imange?,yes,COCO_val2014_000000332625,adversarial,yes
473,Is there a truck in the image?,no,COCO_val2014_000000332625,adversarial,yes
474,Is there a dog in the image?,yes,COCO_val2014_000000332025,adversarial,yes
475,Is there a car in the image?,no,COCO_val2014_000000332025,adversarial,yes
476,Is there a person in the image?,yes,COCO_val2014_000000332025,adversarial,yes
477,Is there a dining table in the image?,no,COCO_val2014_000000332025,adversarial,yes
478,Is there a backpack in the image?,yes,COCO_val2014_000000332025,adversarial,yes
479,Is there a handbag in the image?,no,COCO_val2014_000000332025,adversarial,yes
480,Is there a person in the image?,yes,COCO_val2014_000000318204,adversarial,yes
481,Is there a car in the image?,no,COCO_val2014_000000318204,adversarial,yes
482,Is there a horse in the image?,yes,COCO_val2014_000000318204,adversarial,yes
483,Is there a dog in the image?,no,COCO_val2014_000000318204,adversarial,yes
484,Is there a sheep in the image?,yes,COCO_val2014_000000318204,adversarial,yes
485,Is there a truck in the image?,no,COCO_val2014_000000318204,adversarial,yes
486,Is there a person in the image?,yes,COCO_val2014_000000455157,adversarial,yes
487,Is there a car in the image?,no,COCO_val2014_000000455157,adversarial,yes
488,Is there a laptop in the image?,yes,COCO_val2014_000000455157,adversarial,yes
489,Is there a tv in the image?,no,COCO_val2014_000000455157,adversarial,yes
490,Is there a dining table in the image?,yes,COCO_val2014_000000455157,adversarial,yes
491,Is there a cup in the image?,no,COCO_val2014_000000455157,adversarial,yes
492,Is there a bird in the image?,yes,COCO_val2014_000000069189,adversarial,yes
493,Is there a boat in the image?,no,COCO_val2014_000000069189,adversarial,yes
494,Is there a person in the image?,yes,COCO_val2014_000000069189,adversarial,yes
495,Is there a dining table in the image?,no,COCO_val2014_000000069189,adversarial,yes
496,Is there a handbag in the image?,yes,COCO_val2014_000000069189,adversarial,yes
497,Is there a backpack in the image?,no,COCO_val2014_000000069189,adversarial,yes
498,Is there a backpack in the image?,yes,COCO_val2014_000000199764,adversarial,yes
499,Is there a skis in the image?,no,COCO_val2014_000000199764,adversarial,yes
500,Is there a truck in the image?,yes,COCO_val2014_000000199764,adversarial,yes
501,Is there a car in the image?,no,COCO_val2014_000000199764,adversarial,yes
502,Is there a person in the image?,yes,COCO_val2014_000000199764,adversarial,yes
503,Is there a cup in the image?,no,COCO_val2014_000000199764,adversarial,yes
504,Is there a vase in the image?,yes,COCO_val2014_000000148766,adversarial,yes
505,Is there a dining table in the image?,no,COCO_val2014_000000148766,adversarial,yes
506,Is there a bowl in the image?,yes,COCO_val2014_000000148766,adversarial,yes
507,Is there a cup in the image?,no,COCO_val2014_000000148766,adversarial,yes
508,Is there a toilet in the image?,yes,COCO_val2014_000000148766,adversarial,yes
509,Is there a sink in the image?,no,COCO_val2014_000000148766,adversarial,yes
510,Is there a person in the image?,yes,COCO_val2014_000000175506,adversarial,yes
511,Is there a car in the image?,no,COCO_val2014_000000175506,adversarial,yes
512,Is there an orange in the imange?,yes,COCO_val2014_000000175506,adversarial,yes
513,Is there a dining table in the image?,no,COCO_val2014_000000175506,adversarial,yes
514,Is there a frisbee in the image?,yes,COCO_val2014_000000175506,adversarial,yes
515,Is there a dog in the image?,no,COCO_val2014_000000175506,adversarial,yes
516,Is there a tv in the image?,yes,COCO_val2014_000000353096,adversarial,yes
517,Is there a person in the image?,no,COCO_val2014_000000353096,adversarial,yes
518,Is there a mouse in the image?,yes,COCO_val2014_000000353096,adversarial,yes
519,Is there a chair in the image?,no,COCO_val2014_000000353096,adversarial,yes
520,Is there a laptop in the image?,yes,COCO_val2014_000000353096,adversarial,yes
521,Is there a cell phone in the image?,no,COCO_val2014_000000353096,adversarial,yes
522,Is there a chair in the image?,yes,COCO_val2014_000000207205,adversarial,yes
523,Is there a person in the image?,no,COCO_val2014_000000207205,adversarial,yes
524,Is there a broccoli in the image?,yes,COCO_val2014_000000207205,adversarial,yes
525,Is there a dining table in the image?,no,COCO_val2014_000000207205,adversarial,yes
526,Is there a carrot in the image?,yes,COCO_val2014_000000207205,adversarial,yes
527,Is there a bowl in the image?,no,COCO_val2014_000000207205,adversarial,yes
528,Is there a person in the image?,yes,COCO_val2014_000000427113,adversarial,yes
529,Is there a car in the image?,no,COCO_val2014_000000427113,adversarial,yes
530,Is there a bench in the image?,yes,COCO_val2014_000000427113,adversarial,yes
531,Is there a dining table in the image?,no,COCO_val2014_000000427113,adversarial,yes
532,Is there a clock in the image?,yes,COCO_val2014_000000427113,adversarial,yes
533,Is there a chair in the image?,no,COCO_val2014_000000427113,adversarial,yes
534,Is there a sink in the image?,yes,COCO_val2014_000000498374,adversarial,yes
535,Is there a bottle in the image?,no,COCO_val2014_000000498374,adversarial,yes
536,Is there a person in the image?,yes,COCO_val2014_000000498374,adversarial,yes
537,Is there a car in the image?,no,COCO_val2014_000000498374,adversarial,yes
538,Is there a toilet in the image?,yes,COCO_val2014_000000498374,adversarial,yes
539,Is there a vase in the image?,no,COCO_val2014_000000498374,adversarial,yes
540,Is there a truck in the image?,yes,COCO_val2014_000000013348,adversarial,yes
541,Is there a car in the image?,no,COCO_val2014_000000013348,adversarial,yes
542,Is there a person in the image?,yes,COCO_val2014_000000013348,adversarial,yes
543,Is there a dining table in the image?,no,COCO_val2014_000000013348,adversarial,yes
544,Is there an airplane in the imange?,yes,COCO_val2014_000000013348,adversarial,yes
545,Is there a backpack in the image?,no,COCO_val2014_000000013348,adversarial,yes
546,Is there a traffic light in the image?,yes,COCO_val2014_000000081336,adversarial,yes
547,Is there a bus in the image?,no,COCO_val2014_000000081336,adversarial,yes
548,Is there a truck in the image?,yes,COCO_val2014_000000081336,adversarial,yes
549,Is there a motorcycle in the image?,no,COCO_val2014_000000081336,adversarial,yes
550,Is there a person in the image?,yes,COCO_val2014_000000081336,adversarial,yes
551,Is there a dining table in the image?,no,COCO_val2014_000000081336,adversarial,yes
552,Is there a dog in the image?,yes,COCO_val2014_000000190185,adversarial,yes
553,Is there a person in the image?,no,COCO_val2014_000000190185,adversarial,yes
554,Is there a bowl in the image?,yes,COCO_val2014_000000190185,adversarial,yes
555,Is there a cup in the image?,no,COCO_val2014_000000190185,adversarial,yes
556,Is there a sandwich in the image?,yes,COCO_val2014_000000190185,adversarial,yes
557,Is there a dining table in the image?,no,COCO_val2014_000000190185,adversarial,yes
558,Is there a spoon in the image?,yes,COCO_val2014_000000209755,adversarial,yes
559,Is there a cup in the image?,no,COCO_val2014_000000209755,adversarial,yes
560,Is there a bowl in the image?,yes,COCO_val2014_000000209755,adversarial,yes
561,Is there a dining table in the image?,no,COCO_val2014_000000209755,adversarial,yes
562,Is there a person in the image?,yes,COCO_val2014_000000209755,adversarial,yes
563,Is there a car in the image?,no,COCO_val2014_000000209755,adversarial,yes
564,Is there a dog in the image?,yes,COCO_val2014_000000227227,adversarial,yes
565,Is there a truck in the image?,no,COCO_val2014_000000227227,adversarial,yes
566,Is there a person in the image?,yes,COCO_val2014_000000227227,adversarial,yes
567,Is there a dining table in the image?,no,COCO_val2014_000000227227,adversarial,yes
568,Is there a car in the image?,yes,COCO_val2014_000000227227,adversarial,yes
569,Is there a bus in the image?,no,COCO_val2014_000000227227,adversarial,yes
570,Is there a person in the image?,yes,COCO_val2014_000000397705,adversarial,yes
571,Is there a car in the image?,no,COCO_val2014_000000397705,adversarial,yes
572,Is there a bed in the image?,yes,COCO_val2014_000000397705,adversarial,yes
573,Is there a dining table in the image?,no,COCO_val2014_000000397705,adversarial,yes
574,Is there a cat in the image?,yes,COCO_val2014_000000397705,adversarial,yes
575,Is there a couch in the image?,no,COCO_val2014_000000397705,adversarial,yes
576,Is there a person in the image?,yes,COCO_val2014_000000287305,adversarial,yes
577,Is there a dining table in the image?,no,COCO_val2014_000000287305,adversarial,yes
578,Is there a car in the image?,yes,COCO_val2014_000000287305,adversarial,yes
579,Is there a truck in the image?,no,COCO_val2014_000000287305,adversarial,yes
580,Is there a bus in the image?,yes,COCO_val2014_000000287305,adversarial,yes
581,Is there a traffic light in the image?,no,COCO_val2014_000000287305,adversarial,yes
582,Is there a sink in the image?,yes,COCO_val2014_000000257327,adversarial,yes
583,Is there a person in the image?,no,COCO_val2014_000000257327,adversarial,yes
584,Is there a toilet in the image?,yes,COCO_val2014_000000257327,adversarial,yes
585,Is there a vase in the image?,no,COCO_val2014_000000257327,adversarial,yes
586,Is there a bottle in the image?,yes,COCO_val2014_000000257327,adversarial,yes
587,Is there a dining table in the image?,no,COCO_val2014_000000257327,adversarial,yes
588,Is there a person in the image?,yes,COCO_val2014_000000557016,adversarial,yes
589,Is there a dining table in the image?,no,COCO_val2014_000000557016,adversarial,yes
590,Is there a bicycle in the image?,yes,COCO_val2014_000000557016,adversarial,yes
591,Is there a bus in the image?,no,COCO_val2014_000000557016,adversarial,yes
592,Is there a car in the image?,yes,COCO_val2014_000000557016,adversarial,yes
593,Is there a truck in the image?,no,COCO_val2014_000000557016,adversarial,yes
594,Is there a backpack in the image?,yes,COCO_val2014_000000105732,adversarial,yes
595,Is there a handbag in the image?,no,COCO_val2014_000000105732,adversarial,yes
596,Is there a person in the image?,yes,COCO_val2014_000000105732,adversarial,yes
597,Is there a car in the image?,no,COCO_val2014_000000105732,adversarial,yes
598,Is there a skis in the image?,yes,COCO_val2014_000000105732,adversarial,yes
599,Is there a snowboard in the image?,no,COCO_val2014_000000105732,adversarial,yes
600,Is there a tv in the image?,yes,COCO_val2014_000000534121,adversarial,yes
601,Is there a person in the image?,no,COCO_val2014_000000534121,adversarial,yes
602,Is there a couch in the image?,yes,COCO_val2014_000000534121,adversarial,yes
603,Is there a dining table in the image?,no,COCO_val2014_000000534121,adversarial,yes
604,Is there a boat in the image?,yes,COCO_val2014_000000534121,adversarial,yes
605,Is there a car in the image?,no,COCO_val2014_000000534121,adversarial,yes
606,Is there a motorcycle in the image?,yes,COCO_val2014_000000520524,adversarial,yes
607,Is there a person in the image?,no,COCO_val2014_000000520524,adversarial,yes
608,Is there a bicycle in the image?,yes,COCO_val2014_000000520524,adversarial,yes
609,Is there a bus in the image?,no,COCO_val2014_000000520524,adversarial,yes
610,Is there a car in the image?,yes,COCO_val2014_000000520524,adversarial,yes
611,Is there a truck in the image?,no,COCO_val2014_000000520524,adversarial,yes
612,Is there a person in the image?,yes,COCO_val2014_000000580294,adversarial,yes
613,Is there a car in the image?,no,COCO_val2014_000000580294,adversarial,yes
614,Is there a bowl in the image?,yes,COCO_val2014_000000580294,adversarial,yes
615,Is there a dining table in the image?,no,COCO_val2014_000000580294,adversarial,yes
616,Is there a spoon in the image?,yes,COCO_val2014_000000580294,adversarial,yes
617,Is there a bottle in the image?,no,COCO_val2014_000000580294,adversarial,yes
618,Is there a couch in the image?,yes,COCO_val2014_000000374061,adversarial,yes
619,Is there a person in the image?,no,COCO_val2014_000000374061,adversarial,yes
620,Is there a bed in the image?,yes,COCO_val2014_000000374061,adversarial,yes
621,Is there a book in the image?,no,COCO_val2014_000000374061,adversarial,yes
622,Is there a cat in the image?,yes,COCO_val2014_000000374061,adversarial,yes
623,Is there a chair in the image?,no,COCO_val2014_000000374061,adversarial,yes
624,Is there a snowboard in the image?,yes,COCO_val2014_000000094944,adversarial,yes
625,Is there a surfboard in the image?,no,COCO_val2014_000000094944,adversarial,yes
626,Is there a backpack in the image?,yes,COCO_val2014_000000094944,adversarial,yes
627,Is there a handbag in the image?,no,COCO_val2014_000000094944,adversarial,yes
628,Is there a person in the image?,yes,COCO_val2014_000000094944,adversarial,yes
629,Is there a car in the image?,no,COCO_val2014_000000094944,adversarial,yes
630,Is there a bowl in the image?,yes,COCO_val2014_000000572075,adversarial,yes
631,Is there a cup in the image?,no,COCO_val2014_000000572075,adversarial,yes
632,Is there a toilet in the image?,yes,COCO_val2014_000000572075,adversarial,yes
633,Is there a sink in the image?,no,COCO_val2014_000000572075,adversarial,yes
634,Is there a cat in the image?,yes,COCO_val2014_000000572075,adversarial,yes
635,Is there a couch in the image?,no,COCO_val2014_000000572075,adversarial,yes
636,Is there a spoon in the image?,yes,COCO_val2014_000000387098,adversarial,yes
637,Is there a bowl in the image?,no,COCO_val2014_000000387098,adversarial,yes
638,Is there a laptop in the image?,yes,COCO_val2014_000000387098,adversarial,yes
639,Is there a person in the image?,no,COCO_val2014_000000387098,adversarial,yes
640,Is there a remote in the image?,yes,COCO_val2014_000000387098,adversarial,yes
641,Is there a couch in the image?,no,COCO_val2014_000000387098,adversarial,yes
642,Is there a person in the image?,yes,COCO_val2014_000000382670,adversarial,yes
643,Is there a car in the image?,no,COCO_val2014_000000382670,adversarial,yes
644,Is there a bicycle in the image?,yes,COCO_val2014_000000382670,adversarial,yes
645,Is there a motorcycle in the image?,no,COCO_val2014_000000382670,adversarial,yes
646,Is there a potted plant in the image?,yes,COCO_val2014_000000382670,adversarial,yes
647,Is there a dining table in the image?,no,COCO_val2014_000000382670,adversarial,yes
648,Is there a person in the image?,yes,COCO_val2014_000000414516,adversarial,yes
649,Is there a car in the image?,no,COCO_val2014_000000414516,adversarial,yes
650,Is there a dining table in the image?,yes,COCO_val2014_000000414516,adversarial,yes
651,Is there a cup in the image?,no,COCO_val2014_000000414516,adversarial,yes
652,Is there a chair in the image?,yes,COCO_val2014_000000414516,adversarial,yes
653,Is there a couch in the image?,no,COCO_val2014_000000414516,adversarial,yes
654,Is there a traffic light in the image?,yes,COCO_val2014_000000204360,adversarial,yes
655,Is there a truck in the image?,no,COCO_val2014_000000204360,adversarial,yes
656,Is there a person in the image?,yes,COCO_val2014_000000204360,adversarial,yes
657,Is there a dining table in the image?,no,COCO_val2014_000000204360,adversarial,yes
658,Is there a backpack in the image?,yes,COCO_val2014_000000204360,adversarial,yes
659,Is there a handbag in the image?,no,COCO_val2014_000000204360,adversarial,yes
660,Is there a person in the image?,yes,COCO_val2014_000000245642,adversarial,yes
661,Is there a car in the image?,no,COCO_val2014_000000245642,adversarial,yes
662,Is there a bicycle in the image?,yes,COCO_val2014_000000245642,adversarial,yes
663,Is there a motorcycle in the image?,no,COCO_val2014_000000245642,adversarial,yes
664,Is there a sheep in the image?,yes,COCO_val2014_000000245642,adversarial,yes
665,Is there a truck in the image?,no,COCO_val2014_000000245642,adversarial,yes
666,Is there a person in the image?,yes,COCO_val2014_000000237767,adversarial,yes
667,Is there a car in the image?,no,COCO_val2014_000000237767,adversarial,yes
668,Is there a remote in the image?,yes,COCO_val2014_000000237767,adversarial,yes
669,Is there a chair in the image?,no,COCO_val2014_000000237767,adversarial,yes
670,Is there a dining table in the image?,yes,COCO_val2014_000000237767,adversarial,yes
671,Is there a cup in the image?,no,COCO_val2014_000000237767,adversarial,yes
672,Is there a tie in the image?,yes,COCO_val2014_000000370900,adversarial,yes
673,Is there a person in the image?,no,COCO_val2014_000000370900,adversarial,yes
674,Is there a bear in the image?,yes,COCO_val2014_000000370900,adversarial,yes
675,Is there a couch in the image?,no,COCO_val2014_000000370900,adversarial,yes
676,Is there a teddy bear in the image?,yes,COCO_val2014_000000370900,adversarial,yes
677,Is there a bed in the image?,no,COCO_val2014_000000370900,adversarial,yes
678,Is there a cake in the image?,yes,COCO_val2014_000000094501,adversarial,yes
679,Is there a person in the image?,no,COCO_val2014_000000094501,adversarial,yes
680,Is there a bottle in the image?,yes,COCO_val2014_000000094501,adversarial,yes
681,Is there a cup in the image?,no,COCO_val2014_000000094501,adversarial,yes
682,Is there a fork in the image?,yes,COCO_val2014_000000094501,adversarial,yes
683,Is there a knife in the image?,no,COCO_val2014_000000094501,adversarial,yes
684,Is there a backpack in the image?,yes,COCO_val2014_000000069196,adversarial,yes
685,Is there a skis in the image?,no,COCO_val2014_000000069196,adversarial,yes
686,Is there a person in the image?,yes,COCO_val2014_000000069196,adversarial,yes
687,Is there a car in the image?,no,COCO_val2014_000000069196,adversarial,yes
688,Is there an airplane in the image?,yes,COCO_val2014_000000069196,adversarial,yes
689,Is there a truck in the image?,no,COCO_val2014_000000069196,adversarial,yes
690,Is there a tv in the image?,yes,COCO_val2014_000000366141,adversarial,yes
691,Is there a person in the image?,no,COCO_val2014_000000366141,adversarial,yes
692,Is there a couch in the image?,yes,COCO_val2014_000000366141,adversarial,yes
693,Is there a book in the image?,no,COCO_val2014_000000366141,adversarial,yes
694,Is there a dining table in the image?,yes,COCO_val2014_000000366141,adversarial,yes
695,Is there a cup in the image?,no,COCO_val2014_000000366141,adversarial,yes
696,Is there a person in the image?,yes,COCO_val2014_000000093946,adversarial,yes
697,Is there a car in the image?,no,COCO_val2014_000000093946,adversarial,yes
698,Is there a bowl in the image?,yes,COCO_val2014_000000093946,adversarial,yes
699,Is there a cup in the image?,no,COCO_val2014_000000093946,adversarial,yes
700,Is there a fork in the image?,yes,COCO_val2014_000000093946,adversarial,yes
701,Is there a knife in the image?,no,COCO_val2014_000000093946,adversarial,yes
702,Is there a backpack in the image?,yes,COCO_val2014_000000032610,adversarial,yes
703,Is there a person in the image?,no,COCO_val2014_000000032610,adversarial,yes
704,Is there a bench in the image?,yes,COCO_val2014_000000032610,adversarial,yes
705,Is there a chair in the image?,no,COCO_val2014_000000032610,adversarial,yes
706,Is there a laptop in the image?,yes,COCO_val2014_000000032610,adversarial,yes
707,Is there a tv in the image?,no,COCO_val2014_000000032610,adversarial,yes
708,Is there a person in the image?,yes,COCO_val2014_000000239130,adversarial,yes
709,Is there a dining table in the image?,no,COCO_val2014_000000239130,adversarial,yes
710,Is there a bicycle in the image?,yes,COCO_val2014_000000239130,adversarial,yes
711,Is there a motorcycle in the image?,no,COCO_val2014_000000239130,adversarial,yes
712,Is there a car in the image?,yes,COCO_val2014_000000239130,adversarial,yes
713,Is there a truck in the image?,no,COCO_val2014_000000239130,adversarial,yes
714,Is there a spoon in the image?,yes,COCO_val2014_000000226097,adversarial,yes
715,Is there a person in the image?,no,COCO_val2014_000000226097,adversarial,yes
716,Is there a bowl in the image?,yes,COCO_val2014_000000226097,adversarial,yes
717,Is there a dining table in the image?,no,COCO_val2014_000000226097,adversarial,yes
718,Is there a bottle in the image?,yes,COCO_val2014_000000226097,adversarial,yes
719,Is there a chair in the image?,no,COCO_val2014_000000226097,adversarial,yes
720,Is there a banana in the image?,yes,COCO_val2014_000000538054,adversarial,yes
721,Is there a bowl in the image?,no,COCO_val2014_000000538054,adversarial,yes
722,Is there a person in the image?,yes,COCO_val2014_000000538054,adversarial,yes
723,Is there a car in the image?,no,COCO_val2014_000000538054,adversarial,yes
724,Is there a handbag in the image?,yes,COCO_val2014_000000538054,adversarial,yes
725,Is there a backpack in the image?,no,COCO_val2014_000000538054,adversarial,yes
726,Is there a backpack in the image?,yes,COCO_val2014_000000114710,adversarial,yes
727,Is there a handbag in the image?,no,COCO_val2014_000000114710,adversarial,yes
728,Is there a person in the image?,yes,COCO_val2014_000000114710,adversarial,yes
729,Is there a car in the image?,no,COCO_val2014_000000114710,adversarial,yes
730,Is there a sheep in the image?,yes,COCO_val2014_000000114710,adversarial,yes
731,Is there a truck in the image?,no,COCO_val2014_000000114710,adversarial,yes
732,Is there a chair in the image?,yes,COCO_val2014_000000113701,adversarial,yes
733,Is there a person in the image?,no,COCO_val2014_000000113701,adversarial,yes
734,Is there a clock in the image?,yes,COCO_val2014_000000113701,adversarial,yes
735,Is there a dining table in the image?,no,COCO_val2014_000000113701,adversarial,yes
736,Is there a bed in the image?,yes,COCO_val2014_000000113701,adversarial,yes
737,Is there a cat in the image?,no,COCO_val2014_000000113701,adversarial,yes
738,Is there a person in the image?,yes,COCO_val2014_000000065001,adversarial,yes
739,Is there a dining table in the image?,no,COCO_val2014_000000065001,adversarial,yes
740,Is there a motorcycle in the image?,yes,COCO_val2014_000000065001,adversarial,yes
741,Is there a truck in the image?,no,COCO_val2014_000000065001,adversarial,yes
742,Is there a car in the image?,yes,COCO_val2014_000000065001,adversarial,yes
743,Is there a bus in the image?,no,COCO_val2014_000000065001,adversarial,yes
744,Is there a person in the image?,yes,COCO_val2014_000000482275,adversarial,yes
745,Is there a car in the image?,no,COCO_val2014_000000482275,adversarial,yes
746,Is there a knife in the image?,yes,COCO_val2014_000000482275,adversarial,yes
747,Is there a dining table in the image?,no,COCO_val2014_000000482275,adversarial,yes
748,Is there a vase in the image?,yes,COCO_val2014_000000482275,adversarial,yes
749,Is there a potted plant in the image?,no,COCO_val2014_000000482275,adversarial,yes
750,Is there a toothbrush in the image?,yes,COCO_val2014_000000140983,adversarial,yes
751,Is there a sink in the image?,no,COCO_val2014_000000140983,adversarial,yes
752,Is there a couch in the image?,yes,COCO_val2014_000000140983,adversarial,yes
753,Is there a chair in the image?,no,COCO_val2014_000000140983,adversarial,yes
754,Is there a person in the image?,yes,COCO_val2014_000000140983,adversarial,yes
755,Is there a car in the image?,no,COCO_val2014_000000140983,adversarial,yes
756,Is there a traffic light in the image?,yes,COCO_val2014_000000044520,adversarial,yes
757,Is there a person in the image?,no,COCO_val2014_000000044520,adversarial,yes
758,Is there a train in the image?,yes,COCO_val2014_000000044520,adversarial,yes
759,Is there a car in the image?,no,COCO_val2014_000000044520,adversarial,yes
760,Is there a stop sign in the image?,yes,COCO_val2014_000000044520,adversarial,yes
761,Is there a truck in the image?,no,COCO_val2014_000000044520,adversarial,yes
762,Is there a toaster in the image?,yes,COCO_val2014_000000518177,adversarial,yes
763,Is there a tv in the image?,no,COCO_val2014_000000518177,adversarial,yes
764,Is there a person in the image?,yes,COCO_val2014_000000518177,adversarial,yes
765,Is there a car in the image?,no,COCO_val2014_000000518177,adversarial,yes
766,Is there a microwave in the image?,yes,COCO_val2014_000000518177,adversarial,yes
767,Is there a bottle in the image?,no,COCO_val2014_000000518177,adversarial,yes
768,Is there a person in the image?,yes,COCO_val2014_000000203479,adversarial,yes
769,Is there a car in the image?,no,COCO_val2014_000000203479,adversarial,yes
770,Is there a couch in the image?,yes,COCO_val2014_000000203479,adversarial,yes
771,Is there a chair in the image?,no,COCO_val2014_000000203479,adversarial,yes
772,Is there a dining table in the image?,yes,COCO_val2014_000000203479,adversarial,yes
773,Is there a bottle in the image?,no,COCO_val2014_000000203479,adversarial,yes
774,Is there a handbag in the image?,yes,COCO_val2014_000000551881,adversarial,yes
775,Is there a person in the image?,no,COCO_val2014_000000551881,adversarial,yes
776,Is there a potted plant in the image?,yes,COCO_val2014_000000551881,adversarial,yes
777,Is there a vase in the image?,no,COCO_val2014_000000551881,adversarial,yes
778,Is there a dining table in the image?,yes,COCO_val2014_000000551881,adversarial,yes
779,Is there a cup in the image?,no,COCO_val2014_000000551881,adversarial,yes
780,Is there a dog in the image?,yes,COCO_val2014_000000369541,adversarial,yes
781,Is there a car in the image?,no,COCO_val2014_000000369541,adversarial,yes
782,Is there a person in the image?,yes,COCO_val2014_000000369541,adversarial,yes
783,Is there a dining table in the image?,no,COCO_val2014_000000369541,adversarial,yes
784,Is there a frisbee in the image?,yes,COCO_val2014_000000369541,adversarial,yes
785,Is there an orange in the imange?,no,COCO_val2014_000000369541,adversarial,yes
786,Is there a clock in the image?,yes,COCO_val2014_000000007795,adversarial,yes
787,Is there a person in the image?,no,COCO_val2014_000000007795,adversarial,yes
788,Is there a bed in the image?,yes,COCO_val2014_000000007795,adversarial,yes
789,Is there a book in the image?,no,COCO_val2014_000000007795,adversarial,yes
790,Is there a remote in the image?,yes,COCO_val2014_000000007795,adversarial,yes
791,Is there a tv in the image?,no,COCO_val2014_000000007795,adversarial,yes
792,Is there a bottle in the image?,yes,COCO_val2014_000000303099,adversarial,yes
793,Is there a person in the image?,no,COCO_val2014_000000303099,adversarial,yes
794,Is there a cat in the image?,yes,COCO_val2014_000000303099,adversarial,yes
795,Is there a couch in the image?,no,COCO_val2014_000000303099,adversarial,yes
796,Is there a toilet in the image?,yes,COCO_val2014_000000303099,adversarial,yes
797,Is there a sink in the image?,no,COCO_val2014_000000303099,adversarial,yes
798,Is there a fire hydrant in the image?,yes,COCO_val2014_000000147289,adversarial,yes
799,Is there a person in the image?,no,COCO_val2014_000000147289,adversarial,yes
800,Is there a car in the image?,yes,COCO_val2014_000000147289,adversarial,yes
801,Is there a truck in the image?,no,COCO_val2014_000000147289,adversarial,yes
802,Is there a stop sign in the image?,yes,COCO_val2014_000000147289,adversarial,yes
803,Is there a traffic light in the image?,no,COCO_val2014_000000147289,adversarial,yes
804,Is there a tv in the image?,yes,COCO_val2014_000000102439,adversarial,yes
805,Is there a dining table in the image?,no,COCO_val2014_000000102439,adversarial,yes
806,Is there a person in the image?,yes,COCO_val2014_000000102439,adversarial,yes
807,Is there a car in the image?,no,COCO_val2014_000000102439,adversarial,yes
808,Is there a remote in the image?,yes,COCO_val2014_000000102439,adversarial,yes
809,Is there a couch in the image?,no,COCO_val2014_000000102439,adversarial,yes
810,Is there a boat in the image?,yes,COCO_val2014_000000183757,adversarial,yes
811,Is there a person in the image?,no,COCO_val2014_000000183757,adversarial,yes
812,Is there a dog in the image?,yes,COCO_val2014_000000183757,adversarial,yes
813,Is there a car in the image?,no,COCO_val2014_000000183757,adversarial,yes
814,Is there a cat in the image?,yes,COCO_val2014_000000183757,adversarial,yes
815,Is there a couch in the image?,no,COCO_val2014_000000183757,adversarial,yes
816,Is there a person in the image?,yes,COCO_val2014_000000500473,adversarial,yes
817,Is there a car in the image?,no,COCO_val2014_000000500473,adversarial,yes
818,Is there a broccoli in the image?,yes,COCO_val2014_000000500473,adversarial,yes
819,Is there a bowl in the image?,no,COCO_val2014_000000500473,adversarial,yes
820,Is there a handbag in the image?,yes,COCO_val2014_000000500473,adversarial,yes
821,Is there a backpack in the image?,no,COCO_val2014_000000500473,adversarial,yes
822,Is there a chair in the image?,yes,COCO_val2014_000000327532,adversarial,yes
823,Is there a dining table in the image?,no,COCO_val2014_000000327532,adversarial,yes
824,Is there a person in the image?,yes,COCO_val2014_000000327532,adversarial,yes
825,Is there a car in the image?,no,COCO_val2014_000000327532,adversarial,yes
826,Is there a sports ball in the image?,yes,COCO_val2014_000000327532,adversarial,yes
827,Is there a baseball glove in the image?,no,COCO_val2014_000000327532,adversarial,yes
828,Is there a car in the image?,yes,COCO_val2014_000000167110,adversarial,yes
829,Is there a truck in the image?,no,COCO_val2014_000000167110,adversarial,yes
830,Is there a person in the image?,yes,COCO_val2014_000000167110,adversarial,yes
831,Is there a dining table in the image?,no,COCO_val2014_000000167110,adversarial,yes
832,Is there a skateboard in the image?,yes,COCO_val2014_000000167110,adversarial,yes
833,Is there a bicycle in the image?,no,COCO_val2014_000000167110,adversarial,yes
834,Is there a person in the image?,yes,COCO_val2014_000000300876,adversarial,yes
835,Is there a car in the image?,no,COCO_val2014_000000300876,adversarial,yes
836,Is there a spoon in the image?,yes,COCO_val2014_000000300876,adversarial,yes
837,Is there an oven in the imange?,no,COCO_val2014_000000300876,adversarial,yes
838,Is there a bowl in the image?,yes,COCO_val2014_000000300876,adversarial,yes
839,Is there a banana in the image?,no,COCO_val2014_000000300876,adversarial,yes
840,Is there a tv in the image?,yes,COCO_val2014_000000443240,adversarial,yes
841,Is there a person in the image?,no,COCO_val2014_000000443240,adversarial,yes
842,Is there a chair in the image?,yes,COCO_val2014_000000443240,adversarial,yes
843,Is there a dining table in the image?,no,COCO_val2014_000000443240,adversarial,yes
844,Is there a couch in the image?,yes,COCO_val2014_000000443240,adversarial,yes
845,Is there a book in the image?,no,COCO_val2014_000000443240,adversarial,yes
846,Is there a truck in the image?,yes,COCO_val2014_000000288042,adversarial,yes
847,Is there a car in the image?,no,COCO_val2014_000000288042,adversarial,yes
848,Is there a person in the image?,yes,COCO_val2014_000000288042,adversarial,yes
849,Is there a dining table in the image?,no,COCO_val2014_000000288042,adversarial,yes
850,Is there an umbrella in the imange?,yes,COCO_val2014_000000288042,adversarial,yes
851,Is there a handbag in the image?,no,COCO_val2014_000000288042,adversarial,yes
852,Is there a person in the image?,yes,COCO_val2014_000000270609,adversarial,yes
853,Is there a car in the image?,no,COCO_val2014_000000270609,adversarial,yes
854,Is there a dining table in the image?,yes,COCO_val2014_000000270609,adversarial,yes
855,Is there a bottle in the image?,no,COCO_val2014_000000270609,adversarial,yes
856,Is there a chair in the image?,yes,COCO_val2014_000000270609,adversarial,yes
857,Is there a couch in the image?,no,COCO_val2014_000000270609,adversarial,yes
858,Is there a keyboard in the image?,yes,COCO_val2014_000000208028,adversarial,yes
859,Is there a dining table in the image?,no,COCO_val2014_000000208028,adversarial,yes
860,Is there a person in the image?,yes,COCO_val2014_000000208028,adversarial,yes
861,Is there a car in the image?,no,COCO_val2014_000000208028,adversarial,yes
862,Is there a laptop in the image?,yes,COCO_val2014_000000208028,adversarial,yes
863,Is there a tv in the image?,no,COCO_val2014_000000208028,adversarial,yes
864,Is there a person in the image?,yes,COCO_val2014_000000314992,adversarial,yes
865,Is there a car in the image?,no,COCO_val2014_000000314992,adversarial,yes
866,Is there a handbag in the image?,yes,COCO_val2014_000000314992,adversarial,yes
867,Is there a backpack in the image?,no,COCO_val2014_000000314992,adversarial,yes
868,Is there a cell phone in the image?,yes,COCO_val2014_000000314992,adversarial,yes
869,Is there a dining table in the image?,no,COCO_val2014_000000314992,adversarial,yes
870,Is there a person in the image?,yes,COCO_val2014_000000424642,adversarial,yes
871,Is there a car in the image?,no,COCO_val2014_000000424642,adversarial,yes
872,Is there a bottle in the image?,yes,COCO_val2014_000000424642,adversarial,yes
873,Is there a dining table in the image?,no,COCO_val2014_000000424642,adversarial,yes
874,Is there a frisbee in the image?,yes,COCO_val2014_000000424642,adversarial,yes
875,Is there a dog in the image?,no,COCO_val2014_000000424642,adversarial,yes
876,Is there a tv in the image?,yes,COCO_val2014_000000467176,adversarial,yes
877,Is there a dining table in the image?,no,COCO_val2014_000000467176,adversarial,yes
878,Is there a person in the image?,yes,COCO_val2014_000000467176,adversarial,yes
879,Is there a car in the image?,no,COCO_val2014_000000467176,adversarial,yes
880,Is there a couch in the image?,yes,COCO_val2014_000000467176,adversarial,yes
881,Is there a vase in the image?,no,COCO_val2014_000000467176,adversarial,yes
882,Is there a motorcycle in the image?,yes,COCO_val2014_000000087435,adversarial,yes
883,Is there a bicycle in the image?,no,COCO_val2014_000000087435,adversarial,yes
884,Is there a person in the image?,yes,COCO_val2014_000000087435,adversarial,yes
885,Is there a dining table in the image?,no,COCO_val2014_000000087435,adversarial,yes
886,Is there a car in the image?,yes,COCO_val2014_000000087435,adversarial,yes
887,Is there a truck in the image?,no,COCO_val2014_000000087435,adversarial,yes
888,Is there a sink in the image?,yes,COCO_val2014_000000079446,adversarial,yes
889,Is there a person in the image?,no,COCO_val2014_000000079446,adversarial,yes
890,Is there a bottle in the image?,yes,COCO_val2014_000000079446,adversarial,yes
891,Is there a dining table in the image?,no,COCO_val2014_000000079446,adversarial,yes
892,Is there a toilet in the image?,yes,COCO_val2014_000000079446,adversarial,yes
893,Is there a vase in the image?,no,COCO_val2014_000000079446,adversarial,yes
894,Is there a dog in the image?,yes,COCO_val2014_000000354398,adversarial,yes
895,Is there a frisbee in the image?,no,COCO_val2014_000000354398,adversarial,yes
896,Is there a truck in the image?,yes,COCO_val2014_000000354398,adversarial,yes
897,Is there a traffic light in the image?,no,COCO_val2014_000000354398,adversarial,yes
898,Is there a person in the image?,yes,COCO_val2014_000000354398,adversarial,yes
899,Is there a dining table in the image?,no,COCO_val2014_000000354398,adversarial,yes
900,Is there a vase in the image?,yes,COCO_val2014_000000430052,adversarial,yes
901,Is there a potted plant in the image?,no,COCO_val2014_000000430052,adversarial,yes
902,Is there a bird in the image?,yes,COCO_val2014_000000430052,adversarial,yes
903,Is there a person in the image?,no,COCO_val2014_000000430052,adversarial,yes
904,Is there a bottle in the image?,yes,COCO_val2014_000000430052,adversarial,yes
905,Is there a cup in the image?,no,COCO_val2014_000000430052,adversarial,yes
906,Is there a teddy bear in the image?,yes,COCO_val2014_000000567886,adversarial,yes
907,Is there a bear in the image?,no,COCO_val2014_000000567886,adversarial,yes
908,Is there a person in the image?,yes,COCO_val2014_000000567886,adversarial,yes
909,Is there a car in the image?,no,COCO_val2014_000000567886,adversarial,yes
910,Is there a book in the image?,yes,COCO_val2014_000000567886,adversarial,yes
911,Is there a tv in the image?,no,COCO_val2014_000000567886,adversarial,yes
912,Is there a sink in the image?,yes,COCO_val2014_000000539251,adversarial,yes
913,Is there a bottle in the image?,no,COCO_val2014_000000539251,adversarial,yes
914,Is there a person in the image?,yes,COCO_val2014_000000539251,adversarial,yes
915,Is there a car in the image?,no,COCO_val2014_000000539251,adversarial,yes
916,Is there a potted plant in the image?,yes,COCO_val2014_000000539251,adversarial,yes
917,Is there a dining table in the image?,no,COCO_val2014_000000539251,adversarial,yes
918,Is there a broccoli in the image?,yes,COCO_val2014_000000551908,adversarial,yes
919,Is there a bowl in the image?,no,COCO_val2014_000000551908,adversarial,yes
920,Is there a carrot in the image?,yes,COCO_val2014_000000551908,adversarial,yes
921,Is there a person in the image?,no,COCO_val2014_000000551908,adversarial,yes
922,Is there a bed in the image?,yes,COCO_val2014_000000551908,adversarial,yes
923,Is there a book in the image?,no,COCO_val2014_000000551908,adversarial,yes
924,Is there a traffic light in the image?,yes,COCO_val2014_000000102906,adversarial,yes
925,Is there a person in the image?,no,COCO_val2014_000000102906,adversarial,yes
926,Is there a car in the image?,yes,COCO_val2014_000000102906,adversarial,yes
927,Is there a truck in the image?,no,COCO_val2014_000000102906,adversarial,yes
928,Is there a fire hydrant in the image?,yes,COCO_val2014_000000102906,adversarial,yes
929,Is there a stop sign in the image?,no,COCO_val2014_000000102906,adversarial,yes
930,Is there a vase in the image?,yes,COCO_val2014_000000327771,adversarial,yes
931,Is there a potted plant in the image?,no,COCO_val2014_000000327771,adversarial,yes
932,Is there a bed in the image?,yes,COCO_val2014_000000327771,adversarial,yes
933,Is there a person in the image?,no,COCO_val2014_000000327771,adversarial,yes
934,Is there a dining table in the image?,yes,COCO_val2014_000000327771,adversarial,yes
935,Is there a cup in the image?,no,COCO_val2014_000000327771,adversarial,yes
936,Is there a pizza in the image?,yes,COCO_val2014_000000280734,adversarial,yes
937,Is there a cup in the image?,no,COCO_val2014_000000280734,adversarial,yes
938,Is there a person in the image?,yes,COCO_val2014_000000280734,adversarial,yes
939,Is there a car in the image?,no,COCO_val2014_000000280734,adversarial,yes
940,Is there a dining table in the image?,yes,COCO_val2014_000000280734,adversarial,yes
941,Is there a chair in the image?,no,COCO_val2014_000000280734,adversarial,yes
942,Is there a person in the image?,yes,COCO_val2014_000000111817,adversarial,yes
943,Is there a car in the image?,no,COCO_val2014_000000111817,adversarial,yes
944,Is there a cup in the image?,yes,COCO_val2014_000000111817,adversarial,yes
945,Is there a bottle in the image?,no,COCO_val2014_000000111817,adversarial,yes
946,Is there a cake in the image?,yes,COCO_val2014_000000111817,adversarial,yes
947,Is there a spoon in the image?,no,COCO_val2014_000000111817,adversarial,yes
948,Is there a person in the image?,yes,COCO_val2014_000000379162,adversarial,yes
949,Is there a car in the image?,no,COCO_val2014_000000379162,adversarial,yes
950,Is there a handbag in the image?,yes,COCO_val2014_000000379162,adversarial,yes
951,Is there a backpack in the image?,no,COCO_val2014_000000379162,adversarial,yes
952,Is there a bottle in the image?,yes,COCO_val2014_000000379162,adversarial,yes
953,Is there a dining table in the image?,no,COCO_val2014_000000379162,adversarial,yes
954,Is there a bowl in the image?,yes,COCO_val2014_000000489728,adversarial,yes
955,Is there a cup in the image?,no,COCO_val2014_000000489728,adversarial,yes
956,Is there a person in the image?,yes,COCO_val2014_000000489728,adversarial,yes
957,Is there a car in the image?,no,COCO_val2014_000000489728,adversarial,yes
958,Is there a laptop in the image?,yes,COCO_val2014_000000489728,adversarial,yes
959,Is there a dining table in the image?,no,COCO_val2014_000000489728,adversarial,yes
960,Is there a person in the image?,yes,COCO_val2014_000000419453,adversarial,yes
961,Is there a car in the image?,no,COCO_val2014_000000419453,adversarial,yes
962,Is there a sports ball in the image?,yes,COCO_val2014_000000419453,adversarial,yes
963,Is there a tennis racket in the image?,no,COCO_val2014_000000419453,adversarial,yes
964,Is there an umbrella in the imange?,yes,COCO_val2014_000000419453,adversarial,yes
965,Is there a handbag in the image?,no,COCO_val2014_000000419453,adversarial,yes
966,Is there a teddy bear in the image?,yes,COCO_val2014_000000358255,adversarial,yes
967,Is there a bear in the image?,no,COCO_val2014_000000358255,adversarial,yes
968,Is there a person in the image?,yes,COCO_val2014_000000358255,adversarial,yes
969,Is there a car in the image?,no,COCO_val2014_000000358255,adversarial,yes
970,Is there a bed in the image?,yes,COCO_val2014_000000358255,adversarial,yes
971,Is there a dining table in the image?,no,COCO_val2014_000000358255,adversarial,yes
972,Is there a motorcycle in the image?,yes,COCO_val2014_000000178078,adversarial,yes
973,Is there a person in the image?,no,COCO_val2014_000000178078,adversarial,yes
974,Is there a car in the image?,yes,COCO_val2014_000000178078,adversarial,yes
975,Is there a truck in the image?,no,COCO_val2014_000000178078,adversarial,yes
976,Is there a bicycle in the image?,yes,COCO_val2014_000000178078,adversarial,yes
977,Is there a bus in the image?,no,COCO_val2014_000000178078,adversarial,yes
978,Is there a person in the image?,yes,COCO_val2014_000000197219,adversarial,yes
979,Is there a car in the image?,no,COCO_val2014_000000197219,adversarial,yes
980,Is there a handbag in the image?,yes,COCO_val2014_000000197219,adversarial,yes
981,Is there a backpack in the image?,no,COCO_val2014_000000197219,adversarial,yes
982,Is there a dining table in the image?,yes,COCO_val2014_000000197219,adversarial,yes
983,Is there a cup in the image?,no,COCO_val2014_000000197219,adversarial,yes
984,Is there a donut in the image?,yes,COCO_val2014_000000460931,adversarial,yes
985,Is there a spoon in the image?,no,COCO_val2014_000000460931,adversarial,yes
986,Is there a cake in the image?,yes,COCO_val2014_000000460931,adversarial,yes
987,Is there a cup in the image?,no,COCO_val2014_000000460931,adversarial,yes
988,Is there a person in the image?,yes,COCO_val2014_000000460931,adversarial,yes
989,Is there a car in the image?,no,COCO_val2014_000000460931,adversarial,yes
990,Is there a backpack in the image?,yes,COCO_val2014_000000506483,adversarial,yes
991,Is there a handbag in the image?,no,COCO_val2014_000000506483,adversarial,yes
992,Is there a person in the image?,yes,COCO_val2014_000000506483,adversarial,yes
993,Is there a dining table in the image?,no,COCO_val2014_000000506483,adversarial,yes
994,Is there a car in the image?,yes,COCO_val2014_000000506483,adversarial,yes
995,Is there a truck in the image?,no,COCO_val2014_000000506483,adversarial,yes
996,Is there a banana in the image?,yes,COCO_val2014_000000468934,adversarial,yes
997,Is there a bowl in the image?,no,COCO_val2014_000000468934,adversarial,yes
998,Is there a person in the image?,yes,COCO_val2014_000000468934,adversarial,yes
999,Is there a car in the image?,no,COCO_val2014_000000468934,adversarial,yes
